driver_id,start_ps,ps,mid_ps,avg_ps,laps,lead_laps,passes_gf,top15_laps,rating
4030,3,1,1,1.63,500,411,25,500,149.63
1361,4,2,5,3.0,500,0,34,496,120.59
4368,6,3,7,6.6,500,0,56,495,106.31
4228,14,4,9,8.61,500,0,58,498,101.44
4023,5,5,8,6.37,500,48,51,500,110.88
4184,26,6,11,12.23,500,0,66,316,93.05
4001,35,7,15,16.16,500,0,95,247,86.14
4153,7,8,3,7.24,500,0,51,488,98.65
3774,8,9,12,10.91,500,0,47,491,92.96
3873,17,10,18,16.05,499,0,93,195,79.63
4326,9,11,4,6.77,499,2,59,476,107.07
4123,11,12,13,14.06,499,0,80,444,81.65
4172,10,13,6,7.49,499,0,62,487,97.05
454,15,14,20,18.55,499,0,93,161,71.65
4062,20,15,16,16.42,499,0,61,148,75.28
1816,16,16,23,15.7,498,0,106,196,73.81
4180,21,17,17,19.38,498,0,72,0,65.81
4065,27,18,10,13.22,498,0,86,298,76.65
4025,22,19,14,14.83,498,0,63,283,73.31
4070,29,20,24,22.17,498,0,45,30,58.84
4092,32,21,31,27.21,498,0,65,0,54.09
3888,2,22,19,14.5,498,0,56,231,73.87
4224,31,23,29,27.51,498,0,87,0,55.43
3859,38,24,28,27.61,497,0,79,0,54.0
3989,24,25,30,28.53,497,0,90,0,42.44
4059,28,26,26,28.58,497,0,63,0,44.96
4272,18,27,21,20.8,497,0,53,29,53.87
4269,25,28,32,28.42,496,0,40,0,50.24
4104,33,29,34,33.25,495,0,51,0,38.74
3832,13,30,36,30.86,495,0,34,48,50.11
4463,19,31,35,33.4,495,0,49,0,39.98
4013,12,32,22,19.84,494,0,63,146,52.82
4113,23,33,33,30.98,494,0,27,0,37.5
4096,37,34,27,30.86,494,0,57,0,32.2
4231,30,35,25,31.03,493,0,40,0,35.17
4125,34,36,37,36.23,493,0,22,0,27.2
4045,1,37,2,16.27,343,39,8,297,79.09
4469,36,38,39,37.83,208,0,7,0,26.53
4213,39,39,38,38.68,193,0,3,0,23.44
