race_id,viewers_m,source
5546,6.761,Daily Downforce 2025 tracker
5547,4.586,Daily Downforce 2025 tracker
5551,4.132,Daily Downforce 2025 tracker
5549,2.820,Daily Downforce 2025 tracker
5548,3.011,Daily Downforce 2025 tracker
5583,2.464,Wikipedia 2025 Straight Talk Wireless 400
5553,2.422,Daily Downforce 2025 tracker
5558,2.517,Daily Downforce 2025 tracker
5550,2.054,Daily Downforce 2025 tracker
5555,4.041,Daily Downforce 2025 tracker
5554,2.560,Daily Downforce 2025 tracker
5557,2.319,Daily Downforce 2025 tracker
5563,2.720,Daily Downforce 2025 tracker (Nielsen panel + big data)
5568,2.060,Daily Downforce 2025 tracker (Nielsen panel + big data)
5573,1.770,Daily Downforce 2025 tracker (Nielsen panel + big data)
5552,2.100,Daily Downforce 2025 tracker (Nielsen panel + big data)
5570,1.869,Daily Downforce 2025 tracker (Nielsen panel + big data)
5576,1.608,Daily Downforce 2025 tracker
5569,2.100,Daily Downforce 2025 tracker
5565,2.189,Daily Downforce 2025 tracker
5556,2.009,Daily Downforce 2025 tracker
5571,2.449,Daily Downforce 2025 tracker
5566,2.174,Daily Downforce 2025 tracker
5577,1.850,Daily Downforce 2025 tracker
5572,1.390,Daily Downforce 2025 tracker
5574,3.297,Daily Downforce 2025 tracker
5575,1.880,Daily Downforce 2025 tracker
5564,1.525,Daily Downforce 2025 tracker
5578,1.536,Daily Downforce 2025 tracker
5567,1.290,Daily Downforce 2025 tracker
5579,1.490,Daily Downforce 2025 tracker
5581,1.544,Daily Downforce 2025 tracker
5582,1.717,Daily Downforce 2025 tracker
5580,2.556,Daily Downforce 2025 tracker
5584,2.350,Daily Downforce 2025 tracker
5585,2.774,Daily Downforce 2025 tracker
