race_id,race_date,track_name,broadcaster,viewers_m,value_p10,value_p50,value_p90,clear_sec,n
5546,2025-02-16,Daytona International Speedway,FOX,6.761,229328.235,360950.545,557528.0,34.996928999999994,4
5547,2025-02-23,Atlanta Motor Speedway,FOX,4.586,81462.22,139192.875,238534.61,34.131868499999996,4
5551,2025-03-02,Circuit of The Americas,FOX,4.132,90098.31,152332.53,257083.7,41.439888,9
5549,2025-03-09,Phoenix Raceway,FS1,2.82,53399.6515,91250.18,156061.035,36.4096485,2
5548,2025-03-16,Las Vegas Motor Speedway,FS1,3.011,85586.6375,141525.625,231933.97999999998,52.7364665,6
5583,2025-03-23,Homestead-Miami Speedway,FS1,2.464,51392.322499999995,87506.03,148107.09,39.799434,10
5553,2025-03-30,Martinsville Speedway,FS1,2.422,44823.57,77573.73,132989.38,35.71067,9
5558,2025-04-06,Darlington Raceway,FS1,2.517,46489.317500000005,79838.485,136813.79499999998,35.5221385,10
5550,2025-04-13,Bristol Motor Speedway,FS1,2.054,32830.4315,57979.076,101402.57,31.406675999999997,10
5555,2025-04-27,Talladega Superspeedway,FOX,4.041,98424.05,163809.88,269072.39,45.440208999999996,4
5554,2025-05-04,Texas Motor Speedway,FS1,2.56,57521.928499999995,97057.44,160726.315,42.3624765,4
5557,2025-05-11,Kansas Speedway,FS1,2.319,45537.26,77427.14,132068.467,37.605939,8
5563,2025-05-25,Charlotte Motor Speedway,PRIME VIDEO,2.72,41957.864,73294.727,127889.42499999999,30.125985,6
5568,2025-06-01,Nashville Superspeedway,PRIME VIDEO,2.06,33057.414,57431.305,100348.305,31.147982,7
5573,2025-06-08,Michigan International Speedway,PRIME VIDEO,1.77,43410.59,72869.81,121118.08,46.02372,5
5552,2025-06-15,Autódromo Hermanos Rodríguez,PRIME VIDEO,2.1,45576.84,76891.25,129575.805,41.091267,9
5570,2025-06-22,Pocono Raceway,PRIME VIDEO,1.869,43960.906,73978.05,122782.77,44.339787,7
5576,2025-06-28,Atlanta Motor Speedway,TNT,1.608,28886.914,49084.414,83166.57,34.433575,1
5569,2025-07-06,Chicago Street Race,TNT,2.1,46335.715,78195.734,129498.29,41.623634,3
5565,2025-07-13,Sonoma Raceway,TNT,2.189,51952.254,87348.79,145160.16,44.810455,9
5556,2025-07-20,Dover Motor Speedway,TNT,2.009,32355.566,56831.008,100085.63,31.63689,9
5571,2025-07-27,Indianapolis Motor Speedway,TNT,2.449,36043.563500000004,63387.799999999996,111177.3775,28.901161000000002,8
5566,2025-08-03,Iowa Speedway,USA,2.174,38078.076499999996,66242.675,114407.7855,33.957094500000004,10
5577,2025-08-10,Watkins Glen International,USA,1.85,34647.7615,59247.215,100872.13,35.8792615,10
5572,2025-08-16,Richmond Raceway,USA,1.39,24002.019500000002,41481.585999999996,71753.77,33.268241,8
5574,2025-08-23,Daytona International Speedway,NBC,3.297,60226.42,102345.68,173038.77,34.857613,5
5575,2025-08-31,Darlington Raceway,USA,1.88,31345.504999999997,54882.814,95663.42249999999,32.562965,10
5564,2025-09-07,World Wide Technology Raceway,USA,1.525,36253.28,61043.043,101437.92,44.874355,7
5578,2025-09-13,Bristol Motor Speedway,USA,1.536,25001.113,43290.035,75406.266,31.495853,9
5567,2025-09-21,New Hampshire Motor Speedway,USA,1.29,26419.8,44997.305,77040.234,39.255672,6
5579,2025-09-28,Kansas Speedway,USA,1.49,30585.4035,51788.8045,88144.8675,39.234233,8
5581,2025-10-05,Charlotte Motor Speedway Road Course,USA,1.544,31770.4085,54256.3285,92207.795,39.3352565,10
5582,2025-10-12,Las Vegas Motor Speedway,USA,1.717,32449.555,55389.953,94744.51,36.36019,5
5580,2025-10-19,Talladega Superspeedway,NBC,2.556,46071.727,78471.01,133324.47,34.4255,7
5584,2025-10-26,Martinsville Speedway,NBC,2.35,43907.594,75829.485,130446.43,36.022812,10
5585,2025-11-02,Phoenix Raceway,NBC,2.774,40723.875,72926.74,129334.34,29.292967,9
