race_id,race_name,track_name,open_entries,open_starters,open_non_starters,oversubscribed
5546,DAYTONA 500,Daytona International Speedway,9,5,4,True
5547,Ambetter Health 400,Atlanta Motor Speedway,3,3,0,False
5548,Pennzoil 400 presented by Jiffy Lube,Las Vegas Motor Speedway,0,0,0,False
5549,Shriners Children's 500,Phoenix Raceway,1,1,0,False
5550,Food City 500,Bristol Motor Speedway,3,3,0,False
5551,EchoPark Automotive Grand Prix,Circuit of The Americas,1,1,0,False
5552,Viva Mexico 250,Autódromo Hermanos Rodríguez,1,1,0,False
5553,Cook Out 400,Martinsville Speedway,2,2,0,False
5554,Würth 400 presented by LIQUI MOLY,Texas Motor Speedway,2,2,0,False
5555,Jack Link's 500,Talladega Superspeedway,3,3,0,False
5556,Autotrader EchoPark Automotive 400,Dover Motor Speedway,1,1,0,False
5557,AdventHealth 400,Kansas Speedway,2,2,0,False
5558,Goodyear 400,Darlington Raceway,2,2,0,False
5563,Coca-Cola 600,Charlotte Motor Speedway,4,4,0,False
5564,Enjoy Illinois 300,World Wide Technology Raceway,0,0,0,False
5565,Toyota / Save Mart 350,Sonoma Raceway,1,1,0,False
5566,Iowa Corn 350 Powered by Ethanol,Iowa Speedway,1,1,0,False
5567,Mobil 1 301,New Hampshire Motor Speedway,0,0,0,False
5568,Cracker Barrel 400,Nashville Superspeedway,3,3,0,False
5569,Grant Park 165,Chicago Street Race,5,4,1,True
5570,The Great American Getaway 400 Presented by VISITPA.COM,Pocono Raceway,1,1,0,False
5571,Brickyard 400,Indianapolis Motor Speedway,3,3,0,False
5572,Cook Out 400,Richmond Raceway,2,2,0,False
5573,FireKeepers Casino 400,Michigan International Speedway,0,0,0,False
5574,Coke Zero Sugar 400,Daytona International Speedway,4,4,0,False
5575,Cook Out Southern 500,Darlington Raceway,2,2,0,False
5576,Quaker State 400 Available at Walmart,Atlanta Motor Speedway,4,4,0,False
5577,Go Bowling at The Glen,Watkins Glen International,4,3,1,False
5578,Bass Pro Shops Night Race,Bristol Motor Speedway,3,3,0,False
5579,Hollywood Casino 400 Presented by ESPN BET,Kansas Speedway,1,1,0,False
5580,YellaWood 500,Talladega Superspeedway,4,4,0,False
5581,Bank of America ROVAL 400,Charlotte Motor Speedway Road Course,1,1,0,False
5582,South Point 400,Las Vegas Motor Speedway,2,2,0,False
5583,Straight Talk Wireless 400,Homestead-Miami Speedway,1,1,0,False
5584,Xfinity 500,Martinsville Speedway,1,1,0,False
5585,NASCAR Cup Series Championship,Phoenix Raceway,2,2,0,False
